<?xml version="1.0" encoding="UTF-8"?><SearchParameter xmlns="http://hl7.org/fhir"><id value="birthPlace-extension"/><meta><versionId value="1"/><lastUpdated value="2022-05-23T15:42:22.824+00:00"/><source value="#1713de7ffdefbac0"/></meta><text><status value="generated"/><div xmlns="http://www.w3.org/1999/xhtml"><p class="res-header-id"><b>Generated Narrative: ParametroDeBusqueda birthPlace-extension</b></p><a name="birthPlace-extension"> </a><a name="hcbirthPlace-extension"> </a><div style="display: inline-block; background-color: #d9e0e7; padding: 6px; margin: 4px; border: 1px solid #8da1b4; border-radius: 5px; line-height: 60%"><p style="margin-bottom: 0px">version: 1; Last updated: 2022-05-23 15:42:22+0000; </p><p style="margin-bottom: 0px">Information Source: #1713de7ffdefbac0</p></div><h2>birthPlace</h2><p>Parameter <code>birthplace</code>:<code>string</code></p><div><p>Busqueda de un Patient por el birthPlace</p>
</div><table class="grid"><tr><td>Resource</td><td><a href="http://hl7.org/fhir/R4/patient.html">Patient</a></td></tr><tr><td>Expression</td><td><code>Patient.extension('http://hl7.org/fhir/StructureDefinition/patient-birthPlace')</code></td></tr><tr><td>Processing Mode</td><td>Normal</td></tr><tr><td>Multiples</td><td><ul><li>multipleAnd: It's up to the server whether the parameter may repeat in order to specify multiple values that must all be true</li><li>multipleOr: It's up to the server whether the parameter can have multiple values (separated by comma) where at least one must be true</li></ul></td></tr></table></div></text><url value="http://example.org/curso/SearchParameter/birthPlace-extension"/><version value="0.1.0"/><name value="birthPlace"/><status value="active"/><experimental value="true"/><date value="2020-05-28"/><publisher value="CENS"/><contact><name value="CENS"/><telecom><system value="url"/><value value="https://cens.cl"/></telecom></contact><description value="Busqueda de un Patient por el birthPlace"/><jurisdiction><coding><system value="urn:iso:std:iso:3166"/><code value="CL"/><display value="Chile"/></coding></jurisdiction><code value="birthplace"/><base value="Patient"/><type value="string"/><expression value="Patient.extension('http://hl7.org/fhir/StructureDefinition/patient-birthPlace')"/><xpathUsage value="normal"/></SearchParameter>