<?xml version="1.0" encoding="UTF-8"?><ValueSet xmlns="http://hl7.org/fhir"><id value="MiListaDeCodigosVS"/><text><status value="generated"/><div xmlns="http://www.w3.org/1999/xhtml"><p class="res-header-id"><b>Generated Narrative: ConjuntoValores / ConjuntoDeValores MiListaDeCodigosVS</b></p><a name="MiListaDeCodigosVS"> </a><a name="hcMiListaDeCodigosVS"> </a><ul><li>Include all codes defined in <a href="CodeSystem-MiListaDeCodigosCS.html"><code>http://example.org/curso/CodeSystem/MiListaDeCodigosCS</code></a><span title="Version is not explicitly stated, which means it is fixed to the version provided in this specification"> version 📦0.1.0</span></li></ul></div></text><url value="http://example.org/curso/ValueSet/MiListaDeCodigosVS"/><version value="0.1.0"/><name value="MiListaDeCodigosVS"/><title value="Mi lista de Códigos"/><status value="draft"/><experimental value="true"/><date value="2025-10-22T17:38:42-03:00"/><publisher value="CENS"/><contact><name value="CENS"/><telecom><system value="url"/><value value="https://cens.cl"/></telecom></contact><description value="Mi Lista de Codigos Especial"/><jurisdiction><coding><system value="urn:iso:std:iso:3166"/><code value="CL"/><display value="Chile"/></coding></jurisdiction><compose><include><system value="http://example.org/curso/CodeSystem/MiListaDeCodigosCS"/></include></compose></ValueSet>