{
  "resourceType" : "CodeSystem",
  "id" : "MiListaDeCodigosCS",
  "language" : "en-US",
  "text" : {
    "status" : "generated",
    "div" : "<div xml:lang=\"en-US\" xmlns=\"http://www.w3.org/1999/xhtml\" lang=\"en-US\"><p class=\"res-header-id\"><b>Generated Narrative: SistemaDeCodigos MiListaDeCodigosCS</b></p><a name=\"MiListaDeCodigosCS\"> </a><a name=\"hcMiListaDeCodigosCS\"> </a><div style=\"display: inline-block; background-color: #d9e0e7; padding: 6px; margin: 4px; border: 1px solid #8da1b4; border-radius: 5px; line-height: 60%\"><p style=\"margin-bottom: 0px\">Language: en-US</p></div><p>This case-sensitive code system <code>http://example.org/curso/CodeSystem/MiListaDeCodigosCS</code> defines the following codes:</p><table class=\"codes\"><tr><td style=\"white-space:nowrap\"><b>Code</b></td><td><b>Display</b></td></tr><tr><td style=\"white-space:nowrap\">1<a name=\"MiListaDeCodigosCS-1\"> </a></td><td>Left arm</td></tr><tr><td style=\"white-space:nowrap\">2<a name=\"MiListaDeCodigosCS-2\"> </a></td><td>Right arm</td></tr><tr><td style=\"white-space:nowrap\">3<a name=\"MiListaDeCodigosCS-3\"> </a></td><td>Left leg</td></tr><tr><td style=\"white-space:nowrap\">4<a name=\"MiListaDeCodigosCS-4\"> </a></td><td>Right leg</td></tr><tr><td style=\"white-space:nowrap\">5<a name=\"MiListaDeCodigosCS-5\"> </a></td><td>Oral route</td></tr><tr><td style=\"white-space:nowrap\">6<a name=\"MiListaDeCodigosCS-6\"> </a></td><td>Unknown</td></tr></table></div>"
  },
  "url" : "http://example.org/curso/CodeSystem/MiListaDeCodigosCS",
  "version" : "0.1.0",
  "name" : "MiListaDeCodigosCS",
  "title" : "Mi lista de Códigos",
  "status" : "active",
  "experimental" : true,
  "date" : "2023-11-07",
  "publisher" : "CENS",
  "contact" : [{
    "name" : "CENS",
    "telecom" : [{
      "system" : "url",
      "value" : "https://cens.cl"
    }]
  }],
  "description" : "Mi Lista de Codigos Especial Propia",
  "jurisdiction" : [{
    "coding" : [{
      "system" : "urn:iso:std:iso:3166",
      "code" : "CL",
      "display" : "Chile"
    }]
  }],
  "caseSensitive" : true,
  "content" : "complete",
  "count" : 6,
  "concept" : [{
    "code" : "1",
    "display" : "Left arm"
  },
  {
    "code" : "2",
    "display" : "Right arm"
  },
  {
    "code" : "3",
    "display" : "Left leg"
  },
  {
    "code" : "4",
    "display" : "Right leg"
  },
  {
    "code" : "5",
    "display" : "Oral route"
  },
  {
    "code" : "6",
    "display" : "Unknown"
  }]
}