<?xml version="1.0" encoding="UTF-8"?>

<Bundle xmlns="http://hl7.org/fhir">
  <id value="17603c35-424b-4430-be9a-e5a8a749a010"/>
  <meta>
    <lastUpdated value="2025-10-22T17:39:10.855-03:00"/>
  </meta>
  <type value="collection"/>
  <entry>
    <fullUrl value="http://example.org/curso/ValueSet/MiListaDeCodigosVS"/>
    <resource>
      <ValueSet>
        <text>
          <status value="generated"/>
          <div xmlns="http://www.w3.org/1999/xhtml">
            <p class="res-header-id"/>
            <p style="border: black 1px dotted; background-color: #EEEEEE; padding: 8px; margin-bottom: 8px">Expansion performed internally based on 
              <a href="CodeSystem-MiListaDeCodigosCS.html">codesystem Mi lista de Códigos v0.1.0 (CodeSystem)</a>
              <span class="copy-text-inline">
                <button data-clipboard-text="http://example.org/curso/CodeSystem/MiListaDeCodigosCS|0.1.0" title="Click to Copy URL" class="btn-copy"> </button>
              </span>
            </p>
            <p>This value set contains 6 concepts</p>
            <table class="codes" data-fhir="generated">
              <tr>
                <td>
                  <b>System</b>
                </td>
                <td style="white-space:nowrap">
                  <b>Code</b>
                </td>
                <td>
                  <b>Display (es)</b>
                </td>
                <td>
                  <b>Definition</b>
                </td>
                <td>
                  <b>JSON</b>
                </td>
                <td>
                  <b>XML</b>
                </td>
              </tr>
              <tr>
                <td>
                  <a name="x-http://example.org/curso/CodeSystem/MiListaDeCodigosCS-1"> </a>
                  <code>http://example.org/curso/CodeSystem/MiListaDeCodigosCS</code>
                </td>
                <td style="white-space:nowrap">  
                  <a href="CodeSystem-MiListaDeCodigosCS.html#MiListaDeCodigosCS-1">1</a>
                </td>
                <td>Left arm</td>
                <td/>
                <td>
                  <span class="copy-text-inline">
                    <button data-clipboard-text="{&quot;system&quot;: &quot;http://example.org/curso/CodeSystem/MiListaDeCodigosCS&quot;, &quot;version&quot;: &quot;0.1.0&quot;, &quot;code&quot;: &quot;1&quot;, &quot;display&quot;: &quot;Left arm&quot;}" title="Click to Copy as Coding" class="btn-copy"> </button>
                  </span>
                </td>
                <td>
                  <span class="copy-text-inline">
                    <button data-clipboard-text="&lt;coding&gt;&lt;system value=&quot;http://example.org/curso/CodeSystem/MiListaDeCodigosCS&quot;&gt;&lt;version value=&quot;0.1.0&quot;&gt;&lt;code value=&quot;1&quot;&gt;&lt;display value=&quot;Left arm&quot;&gt;&lt;/coding&gt;" title="Click to Copy as Coding" class="btn-copy"> </button>
                  </span>
                </td>
              </tr>
              <tr>
                <td>
                  <a name="x-http://example.org/curso/CodeSystem/MiListaDeCodigosCS-2"> </a>
                  <code>http://example.org/curso/CodeSystem/MiListaDeCodigosCS</code>
                </td>
                <td style="white-space:nowrap">  
                  <a href="CodeSystem-MiListaDeCodigosCS.html#MiListaDeCodigosCS-2">2</a>
                </td>
                <td>Right arm</td>
                <td/>
                <td>
                  <span class="copy-text-inline">
                    <button data-clipboard-text="{&quot;system&quot;: &quot;http://example.org/curso/CodeSystem/MiListaDeCodigosCS&quot;, &quot;version&quot;: &quot;0.1.0&quot;, &quot;code&quot;: &quot;2&quot;, &quot;display&quot;: &quot;Right arm&quot;}" title="Click to Copy as Coding" class="btn-copy"> </button>
                  </span>
                </td>
                <td>
                  <span class="copy-text-inline">
                    <button data-clipboard-text="&lt;coding&gt;&lt;system value=&quot;http://example.org/curso/CodeSystem/MiListaDeCodigosCS&quot;&gt;&lt;version value=&quot;0.1.0&quot;&gt;&lt;code value=&quot;2&quot;&gt;&lt;display value=&quot;Right arm&quot;&gt;&lt;/coding&gt;" title="Click to Copy as Coding" class="btn-copy"> </button>
                  </span>
                </td>
              </tr>
              <tr>
                <td>
                  <a name="x-http://example.org/curso/CodeSystem/MiListaDeCodigosCS-3"> </a>
                  <code>http://example.org/curso/CodeSystem/MiListaDeCodigosCS</code>
                </td>
                <td style="white-space:nowrap">  
                  <a href="CodeSystem-MiListaDeCodigosCS.html#MiListaDeCodigosCS-3">3</a>
                </td>
                <td>Left leg</td>
                <td/>
                <td>
                  <span class="copy-text-inline">
                    <button data-clipboard-text="{&quot;system&quot;: &quot;http://example.org/curso/CodeSystem/MiListaDeCodigosCS&quot;, &quot;version&quot;: &quot;0.1.0&quot;, &quot;code&quot;: &quot;3&quot;, &quot;display&quot;: &quot;Left leg&quot;}" title="Click to Copy as Coding" class="btn-copy"> </button>
                  </span>
                </td>
                <td>
                  <span class="copy-text-inline">
                    <button data-clipboard-text="&lt;coding&gt;&lt;system value=&quot;http://example.org/curso/CodeSystem/MiListaDeCodigosCS&quot;&gt;&lt;version value=&quot;0.1.0&quot;&gt;&lt;code value=&quot;3&quot;&gt;&lt;display value=&quot;Left leg&quot;&gt;&lt;/coding&gt;" title="Click to Copy as Coding" class="btn-copy"> </button>
                  </span>
                </td>
              </tr>
              <tr>
                <td>
                  <a name="x-http://example.org/curso/CodeSystem/MiListaDeCodigosCS-4"> </a>
                  <code>http://example.org/curso/CodeSystem/MiListaDeCodigosCS</code>
                </td>
                <td style="white-space:nowrap">  
                  <a href="CodeSystem-MiListaDeCodigosCS.html#MiListaDeCodigosCS-4">4</a>
                </td>
                <td>Right leg</td>
                <td/>
                <td>
                  <span class="copy-text-inline">
                    <button data-clipboard-text="{&quot;system&quot;: &quot;http://example.org/curso/CodeSystem/MiListaDeCodigosCS&quot;, &quot;version&quot;: &quot;0.1.0&quot;, &quot;code&quot;: &quot;4&quot;, &quot;display&quot;: &quot;Right leg&quot;}" title="Click to Copy as Coding" class="btn-copy"> </button>
                  </span>
                </td>
                <td>
                  <span class="copy-text-inline">
                    <button data-clipboard-text="&lt;coding&gt;&lt;system value=&quot;http://example.org/curso/CodeSystem/MiListaDeCodigosCS&quot;&gt;&lt;version value=&quot;0.1.0&quot;&gt;&lt;code value=&quot;4&quot;&gt;&lt;display value=&quot;Right leg&quot;&gt;&lt;/coding&gt;" title="Click to Copy as Coding" class="btn-copy"> </button>
                  </span>
                </td>
              </tr>
              <tr>
                <td>
                  <a name="x-http://example.org/curso/CodeSystem/MiListaDeCodigosCS-5"> </a>
                  <code>http://example.org/curso/CodeSystem/MiListaDeCodigosCS</code>
                </td>
                <td style="white-space:nowrap">  
                  <a href="CodeSystem-MiListaDeCodigosCS.html#MiListaDeCodigosCS-5">5</a>
                </td>
                <td>Oral route</td>
                <td/>
                <td>
                  <span class="copy-text-inline">
                    <button data-clipboard-text="{&quot;system&quot;: &quot;http://example.org/curso/CodeSystem/MiListaDeCodigosCS&quot;, &quot;version&quot;: &quot;0.1.0&quot;, &quot;code&quot;: &quot;5&quot;, &quot;display&quot;: &quot;Oral route&quot;}" title="Click to Copy as Coding" class="btn-copy"> </button>
                  </span>
                </td>
                <td>
                  <span class="copy-text-inline">
                    <button data-clipboard-text="&lt;coding&gt;&lt;system value=&quot;http://example.org/curso/CodeSystem/MiListaDeCodigosCS&quot;&gt;&lt;version value=&quot;0.1.0&quot;&gt;&lt;code value=&quot;5&quot;&gt;&lt;display value=&quot;Oral route&quot;&gt;&lt;/coding&gt;" title="Click to Copy as Coding" class="btn-copy"> </button>
                  </span>
                </td>
              </tr>
              <tr>
                <td>
                  <a name="x-http://example.org/curso/CodeSystem/MiListaDeCodigosCS-6"> </a>
                  <code>http://example.org/curso/CodeSystem/MiListaDeCodigosCS</code>
                </td>
                <td style="white-space:nowrap">  
                  <a href="CodeSystem-MiListaDeCodigosCS.html#MiListaDeCodigosCS-6">6</a>
                </td>
                <td>Unknown</td>
                <td/>
                <td>
                  <span class="copy-text-inline">
                    <button data-clipboard-text="{&quot;system&quot;: &quot;http://example.org/curso/CodeSystem/MiListaDeCodigosCS&quot;, &quot;version&quot;: &quot;0.1.0&quot;, &quot;code&quot;: &quot;6&quot;, &quot;display&quot;: &quot;Unknown&quot;}" title="Click to Copy as Coding" class="btn-copy"> </button>
                  </span>
                </td>
                <td>
                  <span class="copy-text-inline">
                    <button data-clipboard-text="&lt;coding&gt;&lt;system value=&quot;http://example.org/curso/CodeSystem/MiListaDeCodigosCS&quot;&gt;&lt;version value=&quot;0.1.0&quot;&gt;&lt;code value=&quot;6&quot;&gt;&lt;display value=&quot;Unknown&quot;&gt;&lt;/coding&gt;" title="Click to Copy as Coding" class="btn-copy"> </button>
                  </span>
                </td>
              </tr>
            </table>
          </div>
        </text>
        <url value="http://example.org/curso/ValueSet/MiListaDeCodigosVS"/>
        <version value="0.1.0"/>
        <name value="MiListaDeCodigosVS"/>
        <title value="Mi lista de Códigos"/>
        <status value="draft"/>
        <experimental value="true"/>
        <date value="2025-10-22T17:38:42-03:00"/>
        <jurisdiction>
          <coding>
            <system value="urn:iso:std:iso:3166"/>
            <code value="CL"/>
            <display value="Chile"/>
          </coding>
        </jurisdiction>
        <expansion>
          <identifier value="urn:uuid:2971579a-a888-4f6e-8268-78c489018bac"/>
          <timestamp value="2025-10-22T17:39:33-03:00"/>
          <total value="6"/>
          <offset value="0"/>
          <parameter>
            <name value="displayLanguage"/>
            <valueCode value="es"/>
          </parameter>
          <parameter>
            <name value="count"/>
            <valueInteger value="1000"/>
          </parameter>
          <parameter>
            <name value="offset"/>
            <valueInteger value="0"/>
          </parameter>
          <parameter>
            <name value="excludeNested"/>
            <valueBoolean value="false"/>
          </parameter>
          <parameter>
            <name value="used-codesystem"/>
            <valueUri value="http://example.org/curso/CodeSystem/MiListaDeCodigosCS|0.1.0"/>
          </parameter>
          <contains>
            <system value="http://example.org/curso/CodeSystem/MiListaDeCodigosCS"/>
            <code value="1"/>
            <display value="Left arm"/>
          </contains>
          <contains>
            <system value="http://example.org/curso/CodeSystem/MiListaDeCodigosCS"/>
            <code value="2"/>
            <display value="Right arm"/>
          </contains>
          <contains>
            <system value="http://example.org/curso/CodeSystem/MiListaDeCodigosCS"/>
            <code value="3"/>
            <display value="Left leg"/>
          </contains>
          <contains>
            <system value="http://example.org/curso/CodeSystem/MiListaDeCodigosCS"/>
            <code value="4"/>
            <display value="Right leg"/>
          </contains>
          <contains>
            <system value="http://example.org/curso/CodeSystem/MiListaDeCodigosCS"/>
            <code value="5"/>
            <display value="Oral route"/>
          </contains>
          <contains>
            <system value="http://example.org/curso/CodeSystem/MiListaDeCodigosCS"/>
            <code value="6"/>
            <display value="Unknown"/>
          </contains>
        </expansion>
      </ValueSet>
    </resource>
  </entry>
</Bundle>