{
  "resourceType" : "Bundle",
  "id" : "17603c35-424b-4430-be9a-e5a8a749a010",
  "meta" : {
    "lastUpdated" : "2025-10-22T17:39:10.855-03:00"
  },
  "type" : "collection",
  "entry" : [{
    "fullUrl" : "http://example.org/curso/ValueSet/MiListaDeCodigosVS",
    "resource" : {
      "resourceType" : "ValueSet",
      "text" : {
        "status" : "generated",
        "div" : "<div xmlns=\"http://www.w3.org/1999/xhtml\"><p class=\"res-header-id\"/><p style=\"border: black 1px dotted; background-color: #EEEEEE; padding: 8px; margin-bottom: 8px\">Expansion performed internally based on <a href=\"CodeSystem-MiListaDeCodigosCS.html\">codesystem Mi lista de Códigos v0.1.0 (CodeSystem)</a><span class=\"copy-text-inline\"><button data-clipboard-text=\"http://example.org/curso/CodeSystem/MiListaDeCodigosCS|0.1.0\" title=\"Click to Copy URL\" class=\"btn-copy\"> </button></span></p><p>This value set contains 6 concepts</p><table class=\"codes\" data-fhir=\"generated\"><tr><td><b>System</b></td><td style=\"white-space:nowrap\"><b>Code</b></td><td><b>Display (es)</b></td><td><b>Definition</b></td><td><b>JSON</b></td><td><b>XML</b></td></tr><tr><td><a name=\"x-http://example.org/curso/CodeSystem/MiListaDeCodigosCS-1\"> </a><code>http://example.org/curso/CodeSystem/MiListaDeCodigosCS</code></td><td style=\"white-space:nowrap\">\u00a0\u00a0<a href=\"CodeSystem-MiListaDeCodigosCS.html#MiListaDeCodigosCS-1\">1</a></td><td>Left arm</td><td/><td><span class=\"copy-text-inline\"><button data-clipboard-text=\"{&quot;system&quot;: &quot;http://example.org/curso/CodeSystem/MiListaDeCodigosCS&quot;, &quot;version&quot;: &quot;0.1.0&quot;, &quot;code&quot;: &quot;1&quot;, &quot;display&quot;: &quot;Left arm&quot;}\" title=\"Click to Copy as Coding\" class=\"btn-copy\"> </button></span></td><td><span class=\"copy-text-inline\"><button data-clipboard-text=\"&lt;coding&gt;&lt;system value=&quot;http://example.org/curso/CodeSystem/MiListaDeCodigosCS&quot;&gt;&lt;version value=&quot;0.1.0&quot;&gt;&lt;code value=&quot;1&quot;&gt;&lt;display value=&quot;Left arm&quot;&gt;&lt;/coding&gt;\" title=\"Click to Copy as Coding\" class=\"btn-copy\"> </button></span></td></tr><tr><td><a name=\"x-http://example.org/curso/CodeSystem/MiListaDeCodigosCS-2\"> </a><code>http://example.org/curso/CodeSystem/MiListaDeCodigosCS</code></td><td style=\"white-space:nowrap\">\u00a0\u00a0<a href=\"CodeSystem-MiListaDeCodigosCS.html#MiListaDeCodigosCS-2\">2</a></td><td>Right arm</td><td/><td><span class=\"copy-text-inline\"><button data-clipboard-text=\"{&quot;system&quot;: &quot;http://example.org/curso/CodeSystem/MiListaDeCodigosCS&quot;, &quot;version&quot;: &quot;0.1.0&quot;, &quot;code&quot;: &quot;2&quot;, &quot;display&quot;: &quot;Right arm&quot;}\" title=\"Click to Copy as Coding\" class=\"btn-copy\"> </button></span></td><td><span class=\"copy-text-inline\"><button data-clipboard-text=\"&lt;coding&gt;&lt;system value=&quot;http://example.org/curso/CodeSystem/MiListaDeCodigosCS&quot;&gt;&lt;version value=&quot;0.1.0&quot;&gt;&lt;code value=&quot;2&quot;&gt;&lt;display value=&quot;Right arm&quot;&gt;&lt;/coding&gt;\" title=\"Click to Copy as Coding\" class=\"btn-copy\"> </button></span></td></tr><tr><td><a name=\"x-http://example.org/curso/CodeSystem/MiListaDeCodigosCS-3\"> </a><code>http://example.org/curso/CodeSystem/MiListaDeCodigosCS</code></td><td style=\"white-space:nowrap\">\u00a0\u00a0<a href=\"CodeSystem-MiListaDeCodigosCS.html#MiListaDeCodigosCS-3\">3</a></td><td>Left leg</td><td/><td><span class=\"copy-text-inline\"><button data-clipboard-text=\"{&quot;system&quot;: &quot;http://example.org/curso/CodeSystem/MiListaDeCodigosCS&quot;, &quot;version&quot;: &quot;0.1.0&quot;, &quot;code&quot;: &quot;3&quot;, &quot;display&quot;: &quot;Left leg&quot;}\" title=\"Click to Copy as Coding\" class=\"btn-copy\"> </button></span></td><td><span class=\"copy-text-inline\"><button data-clipboard-text=\"&lt;coding&gt;&lt;system value=&quot;http://example.org/curso/CodeSystem/MiListaDeCodigosCS&quot;&gt;&lt;version value=&quot;0.1.0&quot;&gt;&lt;code value=&quot;3&quot;&gt;&lt;display value=&quot;Left leg&quot;&gt;&lt;/coding&gt;\" title=\"Click to Copy as Coding\" class=\"btn-copy\"> </button></span></td></tr><tr><td><a name=\"x-http://example.org/curso/CodeSystem/MiListaDeCodigosCS-4\"> </a><code>http://example.org/curso/CodeSystem/MiListaDeCodigosCS</code></td><td style=\"white-space:nowrap\">\u00a0\u00a0<a href=\"CodeSystem-MiListaDeCodigosCS.html#MiListaDeCodigosCS-4\">4</a></td><td>Right leg</td><td/><td><span class=\"copy-text-inline\"><button data-clipboard-text=\"{&quot;system&quot;: &quot;http://example.org/curso/CodeSystem/MiListaDeCodigosCS&quot;, &quot;version&quot;: &quot;0.1.0&quot;, &quot;code&quot;: &quot;4&quot;, &quot;display&quot;: &quot;Right leg&quot;}\" title=\"Click to Copy as Coding\" class=\"btn-copy\"> </button></span></td><td><span class=\"copy-text-inline\"><button data-clipboard-text=\"&lt;coding&gt;&lt;system value=&quot;http://example.org/curso/CodeSystem/MiListaDeCodigosCS&quot;&gt;&lt;version value=&quot;0.1.0&quot;&gt;&lt;code value=&quot;4&quot;&gt;&lt;display value=&quot;Right leg&quot;&gt;&lt;/coding&gt;\" title=\"Click to Copy as Coding\" class=\"btn-copy\"> </button></span></td></tr><tr><td><a name=\"x-http://example.org/curso/CodeSystem/MiListaDeCodigosCS-5\"> </a><code>http://example.org/curso/CodeSystem/MiListaDeCodigosCS</code></td><td style=\"white-space:nowrap\">\u00a0\u00a0<a href=\"CodeSystem-MiListaDeCodigosCS.html#MiListaDeCodigosCS-5\">5</a></td><td>Oral route</td><td/><td><span class=\"copy-text-inline\"><button data-clipboard-text=\"{&quot;system&quot;: &quot;http://example.org/curso/CodeSystem/MiListaDeCodigosCS&quot;, &quot;version&quot;: &quot;0.1.0&quot;, &quot;code&quot;: &quot;5&quot;, &quot;display&quot;: &quot;Oral route&quot;}\" title=\"Click to Copy as Coding\" class=\"btn-copy\"> </button></span></td><td><span class=\"copy-text-inline\"><button data-clipboard-text=\"&lt;coding&gt;&lt;system value=&quot;http://example.org/curso/CodeSystem/MiListaDeCodigosCS&quot;&gt;&lt;version value=&quot;0.1.0&quot;&gt;&lt;code value=&quot;5&quot;&gt;&lt;display value=&quot;Oral route&quot;&gt;&lt;/coding&gt;\" title=\"Click to Copy as Coding\" class=\"btn-copy\"> </button></span></td></tr><tr><td><a name=\"x-http://example.org/curso/CodeSystem/MiListaDeCodigosCS-6\"> </a><code>http://example.org/curso/CodeSystem/MiListaDeCodigosCS</code></td><td style=\"white-space:nowrap\">\u00a0\u00a0<a href=\"CodeSystem-MiListaDeCodigosCS.html#MiListaDeCodigosCS-6\">6</a></td><td>Unknown</td><td/><td><span class=\"copy-text-inline\"><button data-clipboard-text=\"{&quot;system&quot;: &quot;http://example.org/curso/CodeSystem/MiListaDeCodigosCS&quot;, &quot;version&quot;: &quot;0.1.0&quot;, &quot;code&quot;: &quot;6&quot;, &quot;display&quot;: &quot;Unknown&quot;}\" title=\"Click to Copy as Coding\" class=\"btn-copy\"> </button></span></td><td><span class=\"copy-text-inline\"><button data-clipboard-text=\"&lt;coding&gt;&lt;system value=&quot;http://example.org/curso/CodeSystem/MiListaDeCodigosCS&quot;&gt;&lt;version value=&quot;0.1.0&quot;&gt;&lt;code value=&quot;6&quot;&gt;&lt;display value=&quot;Unknown&quot;&gt;&lt;/coding&gt;\" title=\"Click to Copy as Coding\" class=\"btn-copy\"> </button></span></td></tr></table></div>"
      },
      "url" : "http://example.org/curso/ValueSet/MiListaDeCodigosVS",
      "version" : "0.1.0",
      "name" : "MiListaDeCodigosVS",
      "title" : "Mi lista de Códigos",
      "status" : "draft",
      "experimental" : true,
      "date" : "2025-10-22T17:38:42-03:00",
      "jurisdiction" : [{
        "coding" : [{
          "system" : "urn:iso:std:iso:3166",
          "code" : "CL",
          "display" : "Chile"
        }]
      }],
      "expansion" : {
        "identifier" : "urn:uuid:2971579a-a888-4f6e-8268-78c489018bac",
        "timestamp" : "2025-10-22T17:39:33-03:00",
        "total" : 6,
        "offset" : 0,
        "parameter" : [{
          "name" : "displayLanguage",
          "valueCode" : "es"
        },
        {
          "name" : "count",
          "valueInteger" : 1000
        },
        {
          "name" : "offset",
          "valueInteger" : 0
        },
        {
          "name" : "excludeNested",
          "valueBoolean" : false
        },
        {
          "name" : "used-codesystem",
          "valueUri" : "http://example.org/curso/CodeSystem/MiListaDeCodigosCS|0.1.0"
        }],
        "contains" : [{
          "system" : "http://example.org/curso/CodeSystem/MiListaDeCodigosCS",
          "code" : "1",
          "display" : "Left arm"
        },
        {
          "system" : "http://example.org/curso/CodeSystem/MiListaDeCodigosCS",
          "code" : "2",
          "display" : "Right arm"
        },
        {
          "system" : "http://example.org/curso/CodeSystem/MiListaDeCodigosCS",
          "code" : "3",
          "display" : "Left leg"
        },
        {
          "system" : "http://example.org/curso/CodeSystem/MiListaDeCodigosCS",
          "code" : "4",
          "display" : "Right leg"
        },
        {
          "system" : "http://example.org/curso/CodeSystem/MiListaDeCodigosCS",
          "code" : "5",
          "display" : "Oral route"
        },
        {
          "system" : "http://example.org/curso/CodeSystem/MiListaDeCodigosCS",
          "code" : "6",
          "display" : "Unknown"
        }]
      }
    }
  }]
}