{
  "resourceType" : "Patient",
  "id" : "PatientExampleCoreCl",
  "meta" : {
    "profile" : ["http://example.org/curso/StructureDefinition/CoreClPatientDerivado"]
  },
  "text" : {
    "status" : "generated",
    "div" : "<div xmlns=\"http://www.w3.org/1999/xhtml\"><p class=\"res-header-id\"><b>Generated Narrative: Paciente PatientExampleCoreCl</b></p><a name=\"PatientExampleCoreCl\"> </a><a name=\"hcPatientExampleCoreCl\"> </a><div style=\"display: inline-block; background-color: #d9e0e7; padding: 6px; margin: 4px; border: 1px solid #8da1b4; border-radius: 5px; line-height: 60%\"><p style=\"margin-bottom: 0px\"/><p style=\"margin-bottom: 0px\">Profile: <a href=\"StructureDefinition-CoreClPatientDerivado.html\">CoreClPatientDerivado</a></p></div><p style=\"border: 1px #661aff solid; background-color: #e6e6ff; padding: 10px;\">Alejandro Medina (official) Male, DoB: 1986-11-08 ( 163373629)</p><hr/><table class=\"grid\"><tr><td style=\"background-color: #f3f5da\" title=\"Ways to contact the Patient\">Contact Detail</td><td colspan=\"3\"><ul><li>ph: 984019586</li><li><a href=\"mailto:asd@asd\">asd@asd</a></li></ul></td></tr></table></div>"
  },
  "identifier" : [{
    "value" : "163373629"
  }],
  "name" : [{
    "use" : "official",
    "family" : "Medina",
    "given" : ["Alejandro"]
  }],
  "telecom" : [{
    "extension" : [{
      "url" : "http://example.org/curso/StructureDefinition/fecha-contacto",
      "valueDateTime" : "1983-03-24"
    }],
    "system" : "phone",
    "value" : "984019586"
  },
  {
    "extension" : [{
      "url" : "http://example.org/curso/StructureDefinition/fecha-contacto",
      "valueDateTime" : "1983-03-24"
    }],
    "system" : "email",
    "value" : "asd@asd"
  }],
  "gender" : "male",
  "birthDate" : "1986-11-08"
}