{
  "package": "fhir.example.curso",
  "version": "0.1.0",
  "fhirVersion": "4.0.1",
  "jurisdiction": "CL",
  "extensions": [
    {
      "url": "http://example.org/curso/StructureDefinition/fecha-contacto",
      "title": "Fecha de contacto",
      "types": [
        "dateTime"
      ]
    }
  ],
  "profiles": {
    "Patient": [
      {
        "url": "http://example.org/curso/StructureDefinition/CoreClPatientDerivado",
        "title": "CoreClPatientDerivado"
      },
      {
        "url": "http://example.org/curso/StructureDefinition/example-patient-profile",
        "title": "Example Patient Profile"
      }
    ]
  },
  "usage": {
    "http://example.org/curso/StructureDefinition/fecha-contacto": [
      "Patient.telecom"
    ],
    "http://hl7.org/fhir/StructureDefinition/elementdefinition-bestpractice": [
      "StructureDefinition.snapshot.element.constraint"
    ],
    "http://hl7.org/fhir/StructureDefinition/elementdefinition-bestpractice-explanation": [
      "StructureDefinition.snapshot.element.constraint"
    ],
    "http://hl7.org/fhir/StructureDefinition/elementdefinition-bindingName": [
      "StructureDefinition.snapshot.element.binding"
    ],
    "http://hl7.org/fhir/StructureDefinition/elementdefinition-maxValueSet": [
      "StructureDefinition.snapshot.element.binding"
    ],
    "http://hl7.org/fhir/StructureDefinition/elementdefinition-translatable": [
      "StructureDefinition.snapshot.element"
    ],
    "http://hl7.org/fhir/StructureDefinition/humanname-mothers-family": [
      "Patient.contact.name.family"
    ],
    "http://hl7.org/fhir/StructureDefinition/patient-birthPlace": [
      "Patient"
    ],
    "http://hl7.org/fhir/StructureDefinition/regex": [
      "StructureDefinition.snapshot.element.type"
    ],
    "http://hl7.org/fhir/StructureDefinition/structuredefinition-fhir-type": [
      "StructureDefinition.snapshot.element.type"
    ],
    "http://hl7.org/fhir/StructureDefinition/structuredefinition-hierarchy": [
      "StructureDefinition.snapshot.element.type"
    ],
    "http://hl7.org/fhir/tools/StructureDefinition/ig-internal-dependency": [
      "ImplementationGuide.definition"
    ],
    "http://hl7.org/fhir/tools/StructureDefinition/ig-page-name": [
      "ImplementationGuide.definition.page",
      "ImplementationGuide.definition.page.page"
    ],
    "http://hl7.org/fhir/tools/StructureDefinition/ig-parameter": [
      "ImplementationGuide.definition"
    ],
    "http://hl7.org/fhir/tools/StructureDefinition/implementationguide-dependency-comment": [
      "ImplementationGuide.dependsOn"
    ],
    "http://hl7.org/fhir/tools/StructureDefinition/resource-information": [
      "ImplementationGuide.definition.resource"
    ],
    "http://hl7.org/fhir/tools/StructureDefinition/snapshot-base-version": [
      "StructureDefinition.snapshot"
    ],
    "https://hl7chile.cl/fhir/ig/clcore/StructureDefinition/CodigoPaises": [
      "Patient",
      "Patient.identifier.type"
    ],
    "https://hl7chile.cl/fhir/ig/clcore/StructureDefinition/IdContacto": [
      "Patient.contact"
    ],
    "https://hl7chile.cl/fhir/ig/clcore/StructureDefinition/IdentidadDeGenero": [
      "Patient"
    ],
    "https://hl7chile.cl/fhir/ig/clcore/StructureDefinition/SegundoApellido": [
      "Patient.name.family"
    ],
    "https://hl7chile.cl/fhir/ig/clcore/StructureDefinition/SexoBiologico": [
      "Patient"
    ],
    "https://hl7chile.cl/fhir/ig/clcore/StructureDefinition/SexoRegistral": [
      "Patient"
    ]
  }
}