{
  "codeSystems" : [
    {
      "url" : "http://example.org/curso/ValueSet/MiListaDeCodigosVS",
      "version" : "0.1.0",
      "status" : "draft",
      "name" : "MiListaDeCodigosVS",
      "title" : "Mi lista de Códigos",
      "description" : "Mi Lista de Codigos Especial",
      "systems" : ["http://example.org/curso/CodeSystem/MiListaDeCodigosCS"]
    },
    {
      "url" : "http://hl7.org/fhir/ValueSet/administrative-gender",
      "version" : "4.0.1",
      "status" : "active",
      "name" : "AdministrativeGender",
      "title" : "AdministrativeGender",
      "description" : "The gender of a person used for administrative purposes.",
      "systems" : ["http://hl7.org/fhir/administrative-gender"],
      "oids" : ["2.16.840.1.113883.4.642.3.1"],
      "sources" : ["2.16.840.1.113883.4.642.3.1"],
      "uses" : {
      },
      "StructureDefinition-CoreClPatientDerivado.html" : "CoreClPatientDerivado",
      "StructureDefinition-example-patient-profile.html" : "Example Patient Profile"
    },
    {
      "url" : "http://hl7.org/fhir/ValueSet/contact-point-system",
      "version" : "4.0.1",
      "status" : "active",
      "name" : "ContactPointSystem",
      "title" : "ContactPointSystem",
      "description" : "Telecommunications form for contact point.",
      "systems" : ["http://hl7.org/fhir/contact-point-system"],
      "oids" : ["2.16.840.1.113883.4.642.3.71"],
      "sources" : ["2.16.840.1.113883.4.642.3.71"],
      "uses" : {
      },
      "StructureDefinition-CoreClPatientDerivado.html" : "CoreClPatientDerivado"
    },
    {
      "url" : "http://hl7.org/fhir/ValueSet/contact-point-use",
      "version" : "4.0.1",
      "status" : "active",
      "name" : "ContactPointUse",
      "title" : "ContactPointUse",
      "description" : "Use of contact point.",
      "systems" : ["http://hl7.org/fhir/contact-point-use"],
      "oids" : ["2.16.840.1.113883.4.642.3.73"],
      "sources" : ["2.16.840.1.113883.4.642.3.73"],
      "uses" : {
      },
      "StructureDefinition-CoreClPatientDerivado.html" : "CoreClPatientDerivado"
    },
    {
      "url" : "http://hl7.org/fhir/ValueSet/identifier-use",
      "version" : "4.0.1",
      "status" : "active",
      "name" : "IdentifierUse",
      "title" : "IdentifierUse",
      "description" : "Identifies the purpose for this identifier, if known .",
      "systems" : ["http://hl7.org/fhir/identifier-use"],
      "oids" : ["2.16.840.1.113883.4.642.3.57"],
      "sources" : ["2.16.840.1.113883.4.642.3.57"],
      "uses" : {
      },
      "StructureDefinition-CoreClPatientDerivado.html" : "CoreClPatientDerivado"
    },
    {
      "url" : "http://hl7.org/fhir/ValueSet/languages",
      "version" : "4.0.1",
      "status" : "draft",
      "name" : "CommonLanguages",
      "title" : "Common Languages",
      "description" : "This value set includes common codes from BCP-47 (http://tools.ietf.org/html/bcp47)",
      "systems" : ["urn:ietf:bcp:47"],
      "oids" : ["2.16.840.1.113883.4.642.3.20"],
      "sources" : ["2.16.840.1.113883.4.642.3.20"],
      "uses" : {
      },
      "StructureDefinition-CoreClPatientDerivado.html" : "CoreClPatientDerivado",
      "StructureDefinition-example-patient-profile.html" : "Example Patient Profile"
    },
    {
      "url" : "http://hl7.org/fhir/ValueSet/link-type",
      "version" : "4.0.1",
      "status" : "active",
      "name" : "LinkType",
      "title" : "LinkType",
      "description" : "The type of link between this patient resource and another patient resource.",
      "systems" : ["http://hl7.org/fhir/link-type"],
      "oids" : ["2.16.840.1.113883.4.642.3.423"],
      "sources" : ["2.16.840.1.113883.4.642.3.423"],
      "uses" : {
      },
      "StructureDefinition-CoreClPatientDerivado.html" : "CoreClPatientDerivado",
      "StructureDefinition-example-patient-profile.html" : "Example Patient Profile"
    },
    {
      "url" : "http://hl7.org/fhir/ValueSet/marital-status",
      "version" : "4.0.1",
      "status" : "active",
      "name" : "Marital Status Codes",
      "title" : "MaritalStatus",
      "description" : "This value set defines the set of codes that can be used to indicate the marital status of a person.",
      "systems" : [
        "http://terminology.hl7.org/CodeSystem/v3-MaritalStatus",
        "http://terminology.hl7.org/CodeSystem/v3-NullFlavor"
      ],
      "oids" : ["2.16.840.1.113883.4.642.3.29"],
      "sources" : ["2.16.840.1.113883.4.642.3.29"],
      "uses" : {
      },
      "StructureDefinition-CoreClPatientDerivado.html" : "CoreClPatientDerivado",
      "StructureDefinition-example-patient-profile.html" : "Example Patient Profile"
    },
    {
      "url" : "http://hl7.org/fhir/ValueSet/name-use",
      "version" : "4.0.1",
      "status" : "active",
      "name" : "NameUse",
      "title" : "NameUse",
      "description" : "The use of a human name.",
      "systems" : ["http://hl7.org/fhir/name-use"],
      "oids" : ["2.16.840.1.113883.4.642.3.65"],
      "sources" : ["2.16.840.1.113883.4.642.3.65"],
      "uses" : {
      },
      "StructureDefinition-CoreClPatientDerivado.html" : "CoreClPatientDerivado",
      "StructureDefinition-example-patient-profile.html" : "Example Patient Profile"
    },
    {
      "url" : "http://hl7.org/fhir/ValueSet/patient-contactrelationship",
      "version" : "4.0.1",
      "status" : "active",
      "name" : "PatientContactRelationship",
      "title" : "Patient Contact Relationship ",
      "description" : "The nature of the relationship between the patient and the contact person.",
      "systems" : ["http://terminology.hl7.org/CodeSystem/v2-0131"],
      "oids" : ["2.16.840.1.113883.4.642.3.1130"],
      "sources" : ["2.16.840.1.113883.4.642.3.1130"],
      "uses" : {
      },
      "StructureDefinition-CoreClPatientDerivado.html" : "CoreClPatientDerivado",
      "StructureDefinition-example-patient-profile.html" : "Example Patient Profile"
    },
    {
      "url" : "http://hl7.org/fhir/ValueSet/resource-types",
      "version" : "4.0.1",
      "status" : "active",
      "name" : "ResourceType",
      "title" : "ResourceType",
      "description" : "One of the resource types defined as part of this version of FHIR.",
      "systems" : ["http://hl7.org/fhir/resource-types"],
      "oids" : ["2.16.840.1.113883.4.642.3.27"],
      "sources" : ["2.16.840.1.113883.4.642.3.27"],
      "uses" : {
      },
      "StructureDefinition-CoreClPatientDerivado.html" : "CoreClPatientDerivado"
    },
    {
      "url" : "https://hl7chile.cl/fhir/ig/clcore/ValueSet/CodPais",
      "version" : "1.8.5",
      "status" : "active",
      "name" : "CodPaises",
      "title" : "Códigos de Países",
      "description" : "Codigos definidos para la identificación de países segun norma ISO3166-N",
      "systems" : ["https://hl7chile.cl/fhir/ig/clcore/CodeSystem/CodPais"],
      "uses" : {
      },
      "StructureDefinition-CoreClPatientDerivado.html" : "CoreClPatientDerivado"
    },
    {
      "url" : "https://hl7chile.cl/fhir/ig/clcore/ValueSet/VSCodigoslenguaje",
      "version" : "1.8.5",
      "status" : "active",
      "name" : "VSCodigoslenguaje",
      "title" : "Codigos Lenguaje",
      "description" : "Códigos de leguaje",
      "systems" : [
        "https://hl7chile.cl/fhir/ig/clcore/CodeSystem/CSCodigoslenguaje"
      ],
      "uses" : {
      },
      "StructureDefinition-CoreClPatientDerivado.html" : "CoreClPatientDerivado"
    },
    {
      "url" : "https://hl7chile.cl/fhir/ig/clcore/ValueSet/VSTiposDocumentos",
      "version" : "1.8.5",
      "status" : "active",
      "name" : "VSTiposDocumentos",
      "title" : "Tipos de Documentos",
      "description" : "Tipos de Documentos para identificación según tabla HL7 V3 y CodeSystem local.",
      "systems" : [
        "https://hl7chile.cl/fhir/ig/clcore/CodeSystem/CSCodigoDNI",
        "https://hl7chile.cl/fhir/ig/clcore/CodeSystem/CSTipoIdentificador",
        "http://terminology.hl7.org/CodeSystem/v2-0203"
      ],
      "uses" : {
      },
      "StructureDefinition-CoreClPatientDerivado.html" : "CoreClPatientDerivado"
    }
  ]
}
